product_key,sku,brand,short_name,name,description,barcode,manufacturer_name,supplier_key,department,category,subcategory,product_family,product_segment,uom,size_weight,pack_size,variant,packaging_type,is_perishable,shelf_life_days,standard_retail_price,cost_price,tax_category,is_taxable,is_halal,bpom_registration_number,allergy_info,is_nutrition_info,is_active,discontinued_date,effective_start_date,effective_end_date,is_current_record,version_number,gross_margin_percent,markup_percent,is_premium_product,nutrition_warning,compliance_score,shelf_life_category
1,SKU0001,Indomie,Indomie Goreng 85 g,Indomie Mie Instan Goreng 85 g,Mie instan goreng rasa original kemasan 85 g.,8990010000011,PT Indofood Sukses Makmur Tbk,1,Food,Mie Instan,Mie Goreng,Convenience Food,Regular,g,85 g,1 pcs,Goreng Original,sachet,false,365,3500.00,2800.00,PPN 11%,true,true,BPOM RI MD 123456001,"Mengandung gluten, telur, kedelai.",true,true,9999-12-31,2010-01-01,9999-12-31,true,1,0.2000,0.2500,0,0,2,long
2,SKU0002,Indomie,Indomie Soto Mie 70 g,Indomie Mie Instan Soto Mie 70 g,Mie instan kuah rasa soto mie.,8990010000028,PT Indofood Sukses Makmur Tbk,1,Food,Mie Instan,Mie Kuah,Convenience Food,Regular,g,70 g,1 pcs,Soto Mie,sachet,false,365,3400.00,2700.00,PPN 11%,true,true,BPOM RI MD 123456002,"Mengandung gluten, telur, kedelai.",true,true,9999-12-31,2010-01-01,9999-12-31,true,1,0.2059,0.2593,0,0,2,long
3,SKU0003,Indomie,Indomie Ayam Bawang 69 g,Indomie Mie Instan Ayam Bawang 69 g,Mie instan kuah rasa ayam bawang.,8990010000035,PT Indofood Sukses Makmur Tbk,1,Food,Mie Instan,Mie Kuah,Convenience Food,Regular,g,69 g,1 pcs,Ayam Bawang,sachet,false,365,3400.00,2700.00,PPN 11%,true,true,BPOM RI MD 123456003,"Mengandung gluten, telur, kedelai.",true,true,9999-12-31,2010-01-01,9999-12-31,true,1,0.2059,0.2593,0,0,2,long
4,SKU0004,Pop Mie,Pop Mie Goreng Cup 75 g,Pop Mie Mi Instan Goreng Cup 75 g,Mi instan goreng dalam cup praktis.,8990010000042,PT Indofood Sukses Makmur Tbk,1,Food,Mie Instan,Mie Cup,Convenience Food,Instant Cup,g,75 g,1 pcs,Goreng,cup,false,365,6500.00,5200.00,PPN 11%,true,true,BPOM RI MD 123456004,"Mengandung gluten, telur, kedelai.",true,true,9999-12-31,2012-01-01,9999-12-31,true,1,0.2000,0.2500,0,0,2,long
5,SKU0005,Pop Mie,Pop Mie Ayam Cup 75 g,Pop Mie Mi Instan Ayam Cup 75 g,Mi instan kuah rasa ayam dalam cup.,8990010000059,PT Indofood Sukses Makmur Tbk,1,Food,Mie Instan,Mie Cup,Convenience Food,Instant Cup,g,75 g,1 pcs,Ayam,cup,false,365,6500.00,5200.00,PPN 11%,true,true,BPOM RI MD 123456005,"Mengandung gluten, telur, kedelai.",true,true,9999-12-31,2012-01-01,9999-12-31,true,1,0.2000,0.2500,0,0,2,long
6,SKU0006,Sarimi Isi 2,Sarimi Isi 2 Ayam 120 g,Sarimi Isi 2 Mie Instan Ayam 120 g,Mie instan isi dua porsi rasa ayam.,8990010000066,PT Indofood Sukses Makmur Tbk,1,Food,Mie Instan,Mie Kuah,Convenience Food,Value Pack,g,120 g,1 pcs,Ayam,sachet,false,365,4500.00,3600.00,PPN 11%,true,true,BPOM RI MD 123456006,"Mengandung gluten, telur, kedelai.",true,true,9999-12-31,2011-01-01,9999-12-31,true,1,0.2000,0.2500,0,0,2,long
7,SKU0007,Supermi,Supermi Ayam Bawang 75 g,Supermi Mie Instan Ayam Bawang 75 g,Mie instan kuah rasa ayam bawang.,8990010000073,PT Indofood Sukses Makmur Tbk,1,Food,Mie Instan,Mie Kuah,Convenience Food,Regular,g,75 g,1 pcs,Ayam Bawang,sachet,false,365,3200.00,2500.00,PPN 11%,true,true,BPOM RI MD 123456007,"Mengandung gluten, telur, kedelai.",true,true,9999-12-31,2010-01-01,9999-12-31,true,1,0.2188,0.2800,0,0,2,long
8,SKU0008,Mie Sedaap,Mie Sedaap Goreng 90 g,Mie Sedaap Instan Goreng 90 g,Mie instan goreng dengan kriuk bawang.,8990010000080,PT Wingsfood,27,Food,Mie Instan,Mie Goreng,Convenience Food,Regular,g,90 g,1 pcs,Goreng Rasa Spesial,sachet,false,365,3500.00,2800.00,PPN 11%,true,true,BPOM RI MD 123456008,"Mengandung gluten, telur, kedelai.",true,true,9999-12-31,2011-01-01,9999-12-31,true,1,0.2000,0.2500,0,0,2,long
9,SKU0009,Mie Sedaap,Mie Sedaap Ayam Bawang 75 g,Mie Sedaap Instan Ayam Bawang 75 g,Mie instan kuah rasa ayam bawang.,8990010000097,PT Wingsfood,27,Food,Mie Instan,Mie Kuah,Convenience Food,Regular,g,75 g,1 pcs,Ayam Bawang,sachet,false,365,3300.00,2600.00,PPN 11%,true,true,BPOM RI MD 123456009,"Mengandung gluten, telur, kedelai.",true,true,9999-12-31,2011-01-01,9999-12-31,true,1,0.2121,0.2692,0,0,2,long
10,SKU0010,Indomie,Indomie Kari Ayam 85g,Indomie Mie Instan Kari Ayam 85g,Mie instan goreng rasa kari ayam.,8990010000103,PT Indofood Sukses Makmur Tbk,1,Food,Mie Instan,Mie Kuah,Convenience Food,Regular,g,85 g,1 pcs,Kari Ayam,sachet,false,365,8000.00,6400.00,PPN 11%,true,true,BPOM RI MD 123456010,Mengandung gluten.,true,true,9999-12-31,2018-01-01,9999-12-31,true,1,0.2000,0.2500,0,0,2,long
11,SKU0011,Raja Platinum,Raja Platinum Beras 5 kg,Raja Platinum Beras Super 5 kg,Beras kualitas medium premium kemasan 5 kg.,8990010000110,PT Indofood Sukses Makmur Tbk,42,Food,Sembako,Beras,Staple Food,Medium Premium,kg,5 kg,1 pcs,Medium,bag,false,365,65000.00,58000.00,PPN 11%,true,true,BPOM RI MD 123456011,Tidak mengandung alergen yang wajib dicantumkan.,false,true,9999-12-31,2010-01-01,9999-12-31,true,1,0.1077,0.1207,0,1,2,long
12,SKU0012,Ramos,Beras Ramos 5 kg,Beras Ramos Putih 5 kg,Beras ramos pulen untuk konsumsi harian.,8990010000127,PT Sejahtera Pangan Abadi,47,Food,Sembako,Beras,Staple Food,Regular,kg,5 kg,1 pcs,Ramos,bag,false,365,62000.00,55000.00,PPN 11%,true,true,BPOM RI MD 123456012,Tidak mengandung alergen yang wajib dicantumkan.,false,true,9999-12-31,2010-01-01,9999-12-31,true,1,0.1129,0.1273,0,1,2,long
13,SKU0013,Bimoli,Bimoli Minyak Goreng 2 L,Bimoli Minyak Goreng Pouch 2 L,Minyak goreng sawit jernih.,8990010000134,PT Indofood Sukses Makmur Tbk,42,Food,Sembako,Minyak Goreng,Staple Food,Regular,L,2 L,1 pcs,Minyak Sawit,pouch,false,365,32000.00,28000.00,PPN 11%,true,true,BPOM RI MD 123456013,Mengandung minyak nabati.,false,true,9999-12-31,2010-01-01,9999-12-31,true,1,0.1250,0.1429,0,1,2,long
14,SKU0014,Sunco,Sunco Minyak Goreng 2 L,Sunco Minyak Goreng Pouch 2 L,Minyak goreng sawit bening.,8990010000141,PT SMART Tbk,42,Food,Sembako,Minyak Goreng,Staple Food,Premium,L,2 L,1 pcs,Minyak Sawit,pouch,false,365,33000.00,29000.00,PPN 11%,true,true,BPOM RI MD 123456014,Mengandung minyak nabati.,false,true,9999-12-31,2012-01-01,9999-12-31,true,1,0.1212,0.1379,0,1,2,long
15,SKU0015,Gulaku,Gulaku Gula 1 kg,Gulaku Gula Pasir 1 kg,Gula pasir rafinasi kemasan 1 kg.,8990010000158,PT Sugar Group Companies,42,Food,Sembako,Gula,Staple Food,Regular,g,1000 g,1 pcs,Gula Kristal Putih,bag,false,730,15000.00,12500.00,PPN 11%,true,true,BPOM RI MD 123456015,Tidak mengandung alergen yang wajib dicantumkan.,false,true,9999-12-31,2010-01-01,9999-12-31,true,1,0.1667,0.2000,0,1,2,long
16,SKU0016,Segitiga Biru,Segitiga Biru Tepung 1 kg,Segitiga Biru Tepung Terigu 1 kg,Tepung terigu protein sedang.,8990010000165,PT Bogasari Flour Mills,26,Food,Bahan Kue,Tepung Terigu,Baking,Regular,g,1000 g,1 pcs,All Purpose,bag,false,365,13500.00,11000.00,PPN 11%,true,true,BPOM RI MD 123456016,Mengandung gluten.,false,true,9999-12-31,2010-01-01,9999-12-31,true,1,0.1852,0.2273,0,1,2,long
17,SKU0017,Sajiku,Sajiku Tepung Bumbu 210 g,Sajiku Tepung Bumbu Serbaguna 210 g,Tepung bumbu serbaguna.,8990010000172,PT Ajinomoto Indonesia,16,Food,Bahan Kue,Tepung Bumbu,Baking,Seasoned,g,210 g,1 pcs,Serbaguna,sachet,false,365,6500.00,5200.00,PPN 11%,true,true,BPOM RI MD 123456017,Mengandung gluten dan kedelai.,false,true,9999-12-31,2010-06-01,9999-12-31,true,1,0.2000,0.2500,0,1,2,long
18,SKU0018,ABC,ABC Kecap Manis 520 ml,ABC Kecap Manis Refill 520 ml,Kecap manis kental.,8990010000189,PT Heinz ABC Indonesia,30,Food,Saus dan Bumbu,Kecap Manis,Condiment,Regular,ml,520 ml,1 pcs,Kecap Manis,pouch,false,730,19000.00,15500.00,PPN 11%,true,true,BPOM RI MD 123456018,Mengandung kedelai dan gandum.,false,true,9999-12-31,2010-01-01,9999-12-31,true,1,0.1842,0.2258,0,1,2,long
19,SKU0019,ABC,ABC Saus Sambal 275 ml,ABC Saus Sambal Botol 275 ml,Saus sambal untuk pelengkap makanan.,8990010000196,PT Heinz ABC Indonesia,30,Food,Saus dan Bumbu,Saus Sambal,Condiment,Regular,ml,275 ml,1 pcs,Sambal Original,bottle,false,730,15500.00,12500.00,PPN 11%,true,true,BPOM RI MD 123456019,Mengandung cabai dan bawang.,false,true,9999-12-31,2010-01-01,9999-12-31,true,1,0.1935,0.2400,0,1,2,long
20,SKU0020,ABC,ABC Saus Tomat 275 ml,ABC Saus Tomat Botol 275 ml,Saus tomat serbaguna.,8990010000202,PT Heinz ABC Indonesia,30,Food,Saus dan Bumbu,Saus Tomat,Condiment,Regular,ml,275 ml,1 pcs,Tomat,bottle,false,730,15000.00,12000.00,PPN 11%,true,true,BPOM RI MD 123456020,Mengandung tomat.,false,true,9999-12-31,2010-01-01,9999-12-31,true,1,0.2000,0.2500,0,1,2,long
21,SKU0021,Roma,Roma Biskuit Kelapa 300 g,Roma Biskuit Kelapa 300 g,Biskuit kelapa renyah.,8990010000219,PT Mayora Indah Tbk,3,Food,Biskuit dan Wafer,Biskuit,Snacks,Biscuit,g,300 g,1 pcs,Kelapa,bag,false,365,18000.00,14500.00,PPN 11%,true,true,BPOM RI MD 123456021,"Mengandung gluten, susu, kedelai.",true,true,9999-12-31,2010-01-01,9999-12-31,true,1,0.1944,0.2414,0,0,2,long
22,SKU0022,Roma,Roma Marie Susu 200 g,Roma Marie Susu 200 g,Biskuit marie rasa susu.,8990010000226,PT Mayora Indah Tbk,3,Food,Biskuit dan Wafer,Biskuit,Snacks,Biscuit,g,200 g,1 pcs,Marie Susu,bag,false,365,14000.00,11000.00,PPN 11%,true,true,BPOM RI MD 123456022,Mengandung gluten dan susu.,true,true,9999-12-31,2010-01-01,9999-12-31,true,1,0.2143,0.2727,0,0,2,long
23,SKU0023,Good Time,Good Time Chocochips 72 g,Good Time Chocolate Chip Cookies 72 g,Kue kering chocolate chip.,8990010000233,PT Arnott Indonesia,45,Food,Biskuit dan Wafer,Cookies,Snacks,Premium,g,72 g,1 pcs,Chocolate Chip,bag,false,365,9000.00,7200.00,PPN 11%,true,true,BPOM RI MD 123456023,"Mengandung gluten, susu, telur, kedelai.",true,true,9999-12-31,2012-01-01,9999-12-31,true,1,0.2000,0.2500,0,0,2,long
24,SKU0024,Tango,Tango Wafer Vanilla 130 g,Tango Wafer Vanilla 130 g,Wafer krim rasa vanilla.,8990010000240,PT Ultra Prima Abadi,14,Food,Biskuit dan Wafer,Wafer,Snacks,Regular,g,130 g,1 pcs,Vanilla,bag,false,365,9000.00,7200.00,PPN 11%,true,true,BPOM RI MD 123456024,"Mengandung gluten, susu, kedelai.",true,true,9999-12-31,2011-01-01,9999-12-31,true,1,0.2000,0.2500,0,0,2,long
25,SKU0025,Beng Beng,Beng Beng Wafer 20 g,Beng Beng Wafer Caramel 20 g,Wafer cokelat berlapis karamel.,8990010000257,PT Mayora Indah Tbk,3,Food,Biskuit dan Wafer,Wafer Batangan,Snacks,Impulse,g,20 g,1 pcs,Cokelat Karamel,flowpack,false,365,2500.00,1900.00,PPN 11%,true,true,BPOM RI MD 123456025,"Mengandung gluten, susu, kacang, kedelai.",true,true,9999-12-31,2010-01-01,9999-12-31,true,1,0.2400,0.3158,0,0,2,long
26,SKU0026,Khong Guan,Khong Guan Assorted 650 g,Khong Guan Assorted Biscuits 650 g,Biskuit kaleng aneka rasa.,8990010000264,PT Khong Guan Biscuit Indonesia,40,Food,Biskuit dan Wafer,Biskuit Kaleng,Snacks,Family Pack,g,650 g,1 pcs,Assorted,tin,false,365,60000.00,50000.00,PPN 11%,true,true,BPOM RI MD 123456026,"Mengandung gluten, susu, telur, kacang.",true,true,9999-12-31,2010-06-01,9999-12-31,true,1,0.1667,0.2000,0,0,2,long
27,SKU0027,Better,Better Sandwich 118 g,Better Sandwich Biscuit 118 g,Biskuit sandwich krim cokelat.,8990010000271,PT Mayora Indah Tbk,3,Food,Biskuit dan Wafer,Biskuit Sandwich,Snacks,Regular,g,118 g,1 pcs,Cokelat,bag,false,365,8000.00,6400.00,PPN 11%,true,true,BPOM RI MD 123456027,"Mengandung gluten, susu, kedelai.",true,true,9999-12-31,2011-01-01,9999-12-31,true,1,0.2000,0.2500,0,0,2,long
28,SKU0028,Oreo,Oreo Chocolate 137 g,Oreo Chocolate Sandwich 137 g,Biskuit sandwich cokelat krim vanilla.,8990010000288,PT Mondelez Indonesia,40,Food,Biskuit dan Wafer,Biskuit Sandwich,Snacks,Premium,g,137 g,1 pcs,Chocolate Vanilla,bag,false,365,14000.00,11200.00,PPN 11%,true,true,BPOM RI MD 123456028,"Mengandung gluten, susu, kedelai.",true,true,9999-12-31,2013-01-01,9999-12-31,true,1,0.2000,0.2500,0,0,2,long
29,SKU0029,Gery,Gery Malkist Original 135 g,Gery Malkist Original 135 g,Crackers malkist dengan taburan gula.,8990010000295,PT Garudafood Putra Putri Jaya Tbk,6,Food,Biskuit dan Wafer,Crackers,Snacks,Regular,g,135 g,1 pcs,Original,bag,false,365,11000.00,8800.00,PPN 11%,true,true,BPOM RI MD 123456029,"Mengandung gluten, mungkin jejak susu.",true,true,9999-12-31,2011-01-01,9999-12-31,true,1,0.2000,0.2500,0,0,2,long
30,SKU0030,Qtela,Qtela Singkong 185 g,Qtela Keripik Singkong 185 g,Keripik singkong rasa original.,8990010000301,PT Indofood Fritolay Makmur,1,Food,Snack Ringan,Keripik,Snacks,Sharing Pack,g,185 g,1 pcs,Original,bag,false,365,19000.00,15000.00,PPN 11%,true,true,BPOM RI MD 123456030,Diproduksi di fasilitas yang juga mengolah gluten.,true,true,9999-12-31,2010-01-01,9999-12-31,true,1,0.2105,0.2667,0,0,2,long
31,SKU0031,Chitato,Chitato Sapi Panggang 68 g,Chitato Keripik Kentang Sapi Panggang 68 g,Keripik kentang bergelombang rasa sapi panggang.,8990010000318,PT Indofood Fritolay Makmur,1,Food,Snack Ringan,Keripik,Snacks,Impulse,g,68 g,1 pcs,Sapi Panggang,bag,false,365,9000.00,7200.00,PPN 11%,true,true,BPOM RI MD 123456031,Diproduksi di fasilitas yang juga mengolah gluten.,true,true,9999-12-31,2010-01-01,9999-12-31,true,1,0.2000,0.2500,0,0,2,long
32,SKU0032,French Fries 2000,French Fries 2000 75 g,French Fries 2000 Snack Kentang 75 g,Snack kentang goreng rasa asin.,8990010000325,PT Siantar Top Tbk,15,Food,Snack Ringan,Snack Kentang,Snacks,Impulse,g,75 g,1 pcs,Asin Gurih,bag,false,365,7000.00,5600.00,PPN 11%,true,true,BPOM RI MD 123456032,Mengandung gluten.,true,true,9999-12-31,2012-01-01,9999-12-31,true,1,0.2000,0.2500,0,0,2,long
33,SKU0033,Momogi,Momogi Jagung Bakar 10x10 g,Momogi Snack Jagung Bakar 10 x 10 g,Snack jagung rasa jagung bakar multipack.,8990010000332,PT Siantar Top Tbk,15,Food,Snack Ringan,Snack Jagung,Snacks,Multipack,g,100 g,10 pcs,Jagung Bakar,sachet,false,365,6500.00,5200.00,PPN 11%,true,true,BPOM RI MD 123456033,Mengandung gluten.,true,true,9999-12-31,2013-01-01,9999-12-31,true,1,0.2000,0.2500,0,0,2,long
34,SKU0034,Taro,Taro Net Seaweed 50 g,Taro Net Seaweed 50 g,Snack jaring rasa rumput laut.,8990010000349,PT Garudafood Putra Putri Jaya Tbk,6,Food,Snack Ringan,Snack Jagung,Snacks,Impulse,g,50 g,1 pcs,Rumput Laut,bag,false,365,7500.00,6000.00,PPN 11%,true,true,BPOM RI MD 123456034,Mengandung gluten.,true,true,9999-12-31,2014-01-01,9999-12-31,true,1,0.2000,0.2500,0,0,2,long
35,SKU0035,Garuda,Garuda Rosta 120 g,Garuda Rosta Kacang 120 g,Kacang berbalut bumbu gurih.,8990010000356,PT Garudafood Putra Putri Jaya Tbk,6,Food,Snack Ringan,Kacang,Snacks,Sharing Pack,g,120 g,1 pcs,Bawang,bag,false,365,14000.00,11200.00,PPN 11%,true,true,BPOM RI MD 123456035,Mengandung kacang dan gluten.,true,true,9999-12-31,2010-07-01,9999-12-31,true,1,0.2000,0.2500,0,0,2,long
36,SKU0036,Dua Kelinci,Dua Kelinci Kacang 200 g,Dua Kelinci Kacang Oven 200 g,Kacang tanah panggang.,8990010000363,PT Dua Kelinci,45,Food,Snack Ringan,Kacang,Snacks,Sharing Pack,g,200 g,1 pcs,Original,bag,false,365,18000.00,14400.00,PPN 11%,true,true,BPOM RI MD 123456036,Mengandung kacang.,true,true,9999-12-31,2010-07-01,9999-12-31,true,1,0.2000,0.2500,0,0,2,long
37,SKU0037,Rebo,Rebo Kuaci 150 g,Rebo Kuaci Biji Bunga Matahari 150 g,Kuaci biji bunga matahari.,8990010000370,PT Gumindo Bogamanis,45,Food,Snack Ringan,Kuaci,Snacks,Regular,g,150 g,1 pcs,Original,bag,false,365,16000.00,12800.00,PPN 11%,true,true,BPOM RI MD 123456037,Mengandung biji bunga matahari.,true,true,9999-12-31,2011-01-01,9999-12-31,true,1,0.2000,0.2500,0,0,2,long
38,SKU0038,Sukro,Sukro Kacang Bersalut 110 g,Sukro Kacang Bersalut 110 g,Kacang bersalut renyah.,8990010000387,PT Garudafood Putra Putri Jaya Tbk,6,Food,Snack Ringan,Kacang,Snacks,Impulse,g,110 g,1 pcs,Original,bag,false,365,9000.00,7200.00,PPN 11%,true,true,BPOM RI MD 123456038,Mengandung kacang dan gluten.,true,true,9999-12-31,2011-01-01,9999-12-31,true,1,0.2000,0.2500,0,0,2,long
39,SKU0039,Aqua,Aqua Air Mineral 600 ml,Aqua Air Mineral PET 600 ml,Air mineral dalam botol.,8990010000394,PT Tirta Investama,11,Beverage,Minuman Non Karbonasi,Air Mineral,Drinking Water,Single Pack,ml,600 ml,1 pcs,Air Mineral,bottle,false,730,3500.00,2500.00,PPN 11%,true,true,BPOM RI MD 123456039,Tidak mengandung alergen.,false,true,9999-12-31,2010-01-01,9999-12-31,true,1,0.2857,0.4000,0,1,2,long
40,SKU0040,Aqua,Aqua Air Mineral 1500 ml,Aqua Air Mineral PET 1500 ml,Air mineral botol besar.,8990010000400,PT Tirta Investama,11,Beverage,Minuman Non Karbonasi,Air Mineral,Drinking Water,Family Pack,ml,1500 ml,1 pcs,Air Mineral,bottle,false,730,7000.00,5000.00,PPN 11%,true,true,BPOM RI MD 123456040,Tidak mengandung alergen.,false,true,9999-12-31,2010-01-01,9999-12-31,true,1,0.2857,0.4000,0,1,2,long
41,SKU0041,Teh Botol Sosro,Teh Botol Sosro 250 ml,Teh Botol Sosro Original 250 ml,Teh melati manis siap minum.,8990010000417,PT Sosro Indonesia,21,Beverage,Minuman Non Karbonasi,Teh Siap Minum,RTD Tea,Single Pack,ml,250 ml,1 pcs,Teh Melati,bottle,false,365,4500.00,3200.00,PPN 11%,true,true,BPOM RI MD 123456041,Mengandung gula.,false,true,9999-12-31,2010-01-01,9999-12-31,true,1,0.2889,0.4063,0,1,2,long
42,SKU0042,Floridina,Floridina Orange 350 ml,Floridina Minuman Jeruk 350 ml,Minuman sari jeruk dengan bulir.,8990010000424,PT Tirta Alam Segar,19,Beverage,Minuman Non Karbonasi,Minuman Buah,RTD Juice,Single Pack,ml,350 ml,1 pcs,Jeruk,bottle,false,365,6000.00,4500.00,PPN 11%,true,true,BPOM RI MD 123456042,Mengandung gula.,false,true,9999-12-31,2012-01-01,9999-12-31,true,1,0.2500,0.3333,0,1,2,long
43,SKU0043,Pocari Sweat,Pocari Sweat 500 ml,Pocari Sweat Isotonik 500 ml,Minuman isotonik pengganti ion.,8990010000431,PT Amerta Indah Otsuka,40,Beverage,Minuman Non Karbonasi,Isotonik,Functional Drink,Single Pack,ml,500 ml,1 pcs,Original,bottle,false,365,9000.00,7200.00,PPN 11%,true,true,BPOM RI MD 123456043,Mengandung gula dan natrium.,false,true,9999-12-31,2010-01-01,9999-12-31,true,1,0.2000,0.2500,0,1,2,long
44,SKU0044,Mizone,Mizone Lychee Lemon 500 ml,Mizone Lychee Lemon 500 ml,Minuman isotonik rasa lychee lemon.,8990010000448,PT Tirta Investama,11,Beverage,Minuman Non Karbonasi,Isotonik,Functional Drink,Single Pack,ml,500 ml,1 pcs,Lychee Lemon,bottle,false,365,8000.00,6400.00,PPN 11%,true,true,BPOM RI MD 123456044,Mengandung gula dan natrium.,false,true,9999-12-31,2011-01-01,9999-12-31,true,1,0.2000,0.2500,0,1,2,long
45,SKU0045,Coca Cola,Coca Cola 390 ml,Coca Cola Minuman Bersoda 390 ml,Minuman bersoda rasa kola.,8990010000455,Coca Cola Amatil Indonesia,43,Beverage,Minuman Karbonasi,Soda,Soft Drink,Single Pack,ml,390 ml,1 pcs,Kola,bottle,false,365,7000.00,5600.00,PPN 11%,true,false,BPOM RI MD 123456045,Mengandung gula dan karbonasi.,false,true,9999-12-31,2010-01-01,9999-12-31,true,1,0.2000,0.2500,0,1,0,long
46,SKU0046,Fanta,Fanta Strawberry 390 ml,Fanta Strawberry Minuman Bersoda 390 ml,Minuman bersoda rasa stroberi.,8990010000462,Coca Cola Amatil Indonesia,43,Beverage,Minuman Karbonasi,Soda,Soft Drink,Single Pack,ml,390 ml,1 pcs,Strawberry,bottle,false,365,7000.00,5600.00,PPN 11%,true,false,BPOM RI MD 123456046,Mengandung gula dan karbonasi.,false,true,9999-12-31,2010-01-01,9999-12-31,true,1,0.2000,0.2500,0,1,0,long
47,SKU0047,Sprite,Sprite 390 ml,Sprite Minuman Bersoda 390 ml,Minuman bersoda rasa lemon.,8990010000479,Coca Cola Amatil Indonesia,43,Beverage,Minuman Karbonasi,Soda,Soft Drink,Single Pack,ml,390 ml,1 pcs,Lemon,bottle,false,365,7000.00,5600.00,PPN 11%,true,false,BPOM RI MD 123456047,Mengandung gula dan karbonasi.,false,true,9999-12-31,2010-01-01,9999-12-31,true,1,0.2000,0.2500,0,1,0,long
48,SKU0048,Minute Maid,Minute Maid Pulpy 300 ml,Minute Maid Pulpy Orange 300 ml,Minuman jeruk dengan bulir.,8990010000486,Coca Cola Amatil Indonesia,43,Beverage,Minuman Non Karbonasi,Minuman Buah,RTD Juice,Single Pack,ml,300 ml,1 pcs,Jeruk,bottle,false,365,8000.00,6400.00,PPN 11%,true,true,BPOM RI MD 123456048,Mengandung gula.,false,true,9999-12-31,2011-01-01,9999-12-31,true,1,0.2000,0.2500,0,1,2,long
49,SKU0049,Nutrisari,Nutrisari Jeruk 11x14 g,Nutrisari Minuman Serbuk Jeruk 11 x 14 g,Minuman serbuk rasa jeruk.,8990010000493,PT Nutrifood Indonesia,13,Beverage,Minuman Serbuk,Minuman Buah Serbuk,Powdered Drink,Multipack,g,154 g,11 pcs,Jeruk,sachet,false,365,13500.00,11000.00,PPN 11%,true,true,BPOM RI MD 123456049,Mengandung gula dan perisa.,true,true,9999-12-31,2010-01-01,9999-12-31,true,1,0.1852,0.2273,0,0,2,long
50,SKU0050,Energen,Energen Cokelat 10x30 g,Energen Sereal Cokelat 10 x 30 g,Minuman sereal rasa cokelat.,8990010000509,PT Mayora Indah Tbk,3,Beverage,Minuman Serbuk,Sereal Instan,Breakfast,Multipack,g,300 g,10 pcs,Cokelat,sachet,false,365,19000.00,15500.00,PPN 11%,true,true,BPOM RI MD 123456050,"Mengandung gluten, susu, kedelai.",true,true,9999-12-31,2011-01-01,9999-12-31,true,1,0.1842,0.2258,0,0,2,long
51,SKU0051,Extra Joss,Extra Joss 10x4 g,Extra Joss Minuman Energi 10 x 4 g,Minuman serbuk penambah energi rasa jeruk.,8990010000516,PT Bintang Toedjoe,7,Beverage,Minuman Serbuk,Energi Serbuk,Energy Drink,Multipack,g,40 g,10 pcs,Jeruk,sachet,false,365,12000.00,10000.00,PPN 11%,true,true,BPOM RI MD 123456051,Mengandung kafein dan gula.,true,true,9999-12-31,2010-05-01,9999-12-31,true,1,0.1667,0.2000,0,0,2,long
52,SKU0052,Kapal Api,Kapal Api Special 65 g,Kapal Api Kopi Bubuk Special 65 g,Kopi bubuk rasa kuat.,8990010000523,PT Kapal Api Global,20,Beverage,Kopi dan Teh,Kopi Bubuk,Coffee,Regular,g,65 g,1 pcs,Kopi Hitam,bag,false,365,7000.00,5600.00,PPN 11%,true,true,BPOM RI MD 123456052,Mengandung kafein.,true,true,9999-12-31,2010-03-01,9999-12-31,true,1,0.2000,0.2500,0,0,2,long
53,SKU0053,ABC,ABC Kopi Susu 10x27 g,ABC Kopi Susu 10 x 27 g,Kopi instan 3 in 1 rasa susu.,8990010000530,PT Santos Jaya Abadi,20,Beverage,Minuman Serbuk,Kopi 3 in 1,Coffee,Multipack,g,270 g,10 pcs,Kopi Susu,sachet,false,365,16000.00,13000.00,PPN 11%,true,true,BPOM RI MD 123456053,Mengandung susu dan kafein.,true,true,9999-12-31,2011-01-01,9999-12-31,true,1,0.1875,0.2308,0,0,2,long
54,SKU0054,Good Day,Good Day Cappuccino 10x25 g,Good Day Cappuccino 10 x 25 g,Minuman kopi instan cappuccino.,8990010000547,PT Santos Jaya Abadi,20,Beverage,Minuman Serbuk,Kopi 3 in 1,Coffee,Multipack,g,250 g,10 pcs,Cappuccino,sachet,false,365,18000.00,14500.00,PPN 11%,true,true,BPOM RI MD 123456054,Mengandung susu dan kafein.,true,true,9999-12-31,2012-01-01,9999-12-31,true,1,0.1944,0.2414,0,0,2,long
55,SKU0055,Torabika,Torabika Duo Susu 10x25 g,Torabika Duo Susu 10 x 25 g,Kopi instan dengan dua jenis susu.,8990010000554,PT Mayora Indah Tbk,3,Beverage,Minuman Serbuk,Kopi 3 in 1,Coffee,Multipack,g,250 g,10 pcs,Duo Susu,sachet,false,365,17000.00,14000.00,PPN 11%,true,true,BPOM RI MD 123456055,Mengandung susu dan kafein.,true,true,9999-12-31,2012-01-01,9999-12-31,true,1,0.1765,0.2143,0,0,2,long
56,SKU0056,Luwak,Luwak White Koffie 10x20 g,Luwak White Koffie 10 x 20 g,Minuman kopi instan putih.,8990010000561,PT Java Prima Abadi,40,Beverage,Minuman Serbuk,Kopi 3 in 1,Coffee,Multipack,g,200 g,10 pcs,White Coffee,sachet,false,365,19000.00,15500.00,PPN 11%,true,true,BPOM RI MD 123456056,Mengandung susu dan kafein.,true,true,9999-12-31,2012-01-01,9999-12-31,true,1,0.1842,0.2258,0,0,2,long
57,SKU0057,TOP,TOP Coffee 3 in 1 10x20 g,TOP Coffee 3 in 1 10 x 20 g,Kopi instan 3 in 1 aroma kuat.,8990010000578,PT Mayora Indah Tbk,3,Beverage,Minuman Serbuk,Kopi 3 in 1,Coffee,Multipack,g,200 g,10 pcs,Original,sachet,false,365,16000.00,13000.00,PPN 11%,true,true,BPOM RI MD 123456057,Mengandung susu dan kafein.,true,true,9999-12-31,2011-06-01,9999-12-31,true,1,0.1875,0.2308,0,0,2,long
58,SKU0058,Nescafe,Nescafe Classic 100 g,Nescafe Classic Botol 100 g,Kopi instan murni.,8990010000585,PT Nestle Indonesia,5,Beverage,Kopi dan Teh,Kopi Instan,Coffee,Premium,g,100 g,1 pcs,Classic,jar,false,730,45000.00,36000.00,PPN 11%,true,true,BPOM RI ML 123456058,Mengandung kafein.,true,true,9999-12-31,2010-02-01,9999-12-31,true,1,0.2000,0.2500,0,0,2,long
59,SKU0059,Ultra Milk,Ultra Milk Full Cream 1 L,Ultra Milk UHT Full Cream 1000 ml,Susu UHT full cream kemasan 1 liter.,8990010000592,PT Ultra Jaya Milk Industry Tbk,9,Beverage,Susu dan Olahan,Susu UHT,Dairy,Family Pack,ml,1000 ml,1 pcs,Full Cream,carton,true,270,20000.00,16500.00,PPN 11%,true,true,BPOM RI MD 123456059,Mengandung susu sapi.,true,true,9999-12-31,2010-01-01,9999-12-31,true,1,0.1750,0.2121,0,0,2,medium
60,SKU0060,Ultra Milk,Ultra Milk Cokelat 250 ml,Ultra Milk UHT Cokelat 250 ml,Susu UHT rasa cokelat.,8990010000608,PT Ultra Jaya Milk Industry Tbk,9,Beverage,Susu dan Olahan,Susu UHT,Dairy,Single Pack,ml,250 ml,1 pcs,Cokelat,carton,true,270,6500.00,5200.00,PPN 11%,true,true,BPOM RI MD 123456060,Mengandung susu sapi.,true,true,9999-12-31,2010-01-01,9999-12-31,true,1,0.2000,0.2500,0,0,2,medium
61,SKU0061,Frisian Flag,Frisian Flag UHT 225 ml,Frisian Flag UHT Cokelat 225 ml,Susu UHT rasa cokelat kemasan 225 ml.,8990010000615,PT Frisian Flag Indonesia,24,Beverage,Susu dan Olahan,Susu UHT,Dairy,Single Pack,ml,225 ml,1 pcs,Cokelat,carton,true,270,4900.00,3900.00,PPN 11%,true,true,BPOM RI MD 123456061,Mengandung susu sapi.,true,true,9999-12-31,2015-01-01,9999-12-31,true,1,0.2041,0.2564,0,0,2,medium
62,SKU0062,Indomilk,Indomilk Kids Cokelat 190 ml,Indomilk Kids Susu Cokelat 190 ml,Susu cair rasa cokelat untuk anak.,8990010000622,PT Indolakto,40,Beverage,Susu dan Olahan,Susu UHT,Dairy,Kids Pack,ml,190 ml,1 pcs,Cokelat,carton,true,270,5500.00,4400.00,PPN 11%,true,true,BPOM RI MD 123456062,Mengandung susu sapi.,true,true,9999-12-31,2013-01-01,9999-12-31,true,1,0.2000,0.2500,0,0,2,medium
63,SKU0063,Bear Brand,Bear Brand Susu Steril 189 ml,Bear Brand Susu Steril 189 ml,Susu sapi steril kaleng.,8990010000639,PT Nestle Indonesia,5,Beverage,Susu dan Olahan,Susu Steril,Dairy,Single Pack,ml,189 ml,1 pcs,Plain,can,true,365,12000.00,9500.00,PPN 11%,true,true,BPOM RI MD 123456063,Mengandung susu sapi.,true,true,9999-12-31,2010-04-01,9999-12-31,true,1,0.2083,0.2632,0,0,2,long
64,SKU0064,Frisian Flag,Frisian Flag SKM Gold 370 g,Frisian Flag Susu Kental Manis Gold 370 g,Susu kental manis untuk campuran minuman.,8990010000646,PT Frisian Flag Indonesia,24,Beverage,Susu dan Olahan,Susu Kental Manis,Dairy,Regular,g,370 g,1 pcs,Gold,can,false,365,14000.00,11500.00,PPN 11%,true,true,BPOM RI MD 123456064,Mengandung susu sapi.,true,true,9999-12-31,2010-02-01,9999-12-31,true,1,0.1786,0.2174,0,0,2,long
65,SKU0065,Yakult,Yakult 5x65 ml,Yakult Minuman Susu Fermentasi 5 x 65 ml,Minuman susu fermentasi dengan bakteri baik.,8990010000653,PT Yakult Indonesia Persada,50,Beverage,Susu dan Olahan,Probiotik,Dairy,Multipack,ml,325 ml,5 pcs,Original,bottle,true,30,18000.00,15000.00,PPN 11%,true,true,BPOM RI MD 123456065,Mengandung susu sapi.,true,true,9999-12-31,2010-05-01,9999-12-31,true,1,0.1667,0.2000,0,0,2,short
66,SKU0066,Cimory,Cimory Yogurt Squeeze 120 g,Cimory Yogurt Squeeze Strawberry 120 g,Yogurt kental rasa stroberi.,8990010000660,PT Cisarua Mountain Dairy,50,Beverage,Susu dan Olahan,Yogurt,Dairy,Single Pack,g,120 g,1 pcs,Strawberry,pouch,true,60,8500.00,7000.00,PPN 11%,true,true,BPOM RI MD 123456066,Mengandung susu sapi.,true,true,9999-12-31,2015-01-01,9999-12-31,true,1,0.1765,0.2143,0,0,2,short
67,SKU0067,Cimory,Cimory Fresh Milk 950 ml,Cimory Fresh Milk Chocolate 950 ml,Susu segar pasteurisasi rasa cokelat.,8990010000677,PT Cisarua Mountain Dairy,50,Beverage,Susu dan Olahan,Susu Pasteurisasi,Dairy,Family Pack,ml,950 ml,1 pcs,Cokelat,bottle,true,14,26000.00,22000.00,PPN 11%,true,true,BPOM RI MD 123456067,Mengandung susu sapi.,true,true,9999-12-31,2016-01-01,9999-12-31,true,1,0.1538,0.1818,0,0,2,short
68,SKU0068,MamyPoko,MamyPoko Pants Standar M34,MamyPoko Pants Standar M34,Popok celana bayi ukuran M.,8990010000684,PT Unicharm Indonesia,39,Baby,Popok Bayi,Popok Celana,Baby Care,Economy,pcs,34 pcs,1 pcs,Size M,bag,false,365,92000.00,78000.00,PPN 11%,true,false,BPOM RI NA 123456068,"Produk non pangan, gunakan sesuai petunjuk.",false,true,9999-12-31,2010-06-01,9999-12-31,true,1,0.1522,0.1795,0,1,0,long
69,SKU0069,Pampers,Pampers Baby Dry L30,Pampers Baby Dry L30,Popok sekali pakai bayi ukuran L.,8990010000691,PT Procter and Gamble Home Products Indonesia,35,Baby,Popok Bayi,Popok Perekat,Baby Care,Premium,pcs,30 pcs,1 pcs,Size L,bag,false,365,105000.00,88000.00,PPN 11%,true,false,BPOM RI NA 123456069,"Produk non pangan, gunakan sesuai petunjuk.",false,true,9999-12-31,2011-01-01,9999-12-31,true,1,0.1619,0.1932,1,1,0,long
70,SKU0070,Sweety,Sweety Silver Pants S40,Sweety Silver Pants S40,Popok celana bayi ukuran S.,8990010000707,PT Softex Indonesia,39,Baby,Popok Bayi,Popok Celana,Baby Care,Mid Range,pcs,40 pcs,1 pcs,Size S,bag,false,365,88000.00,74000.00,PPN 11%,true,false,BPOM RI NA 123456070,"Produk non pangan, gunakan sesuai petunjuk.",false,true,9999-12-31,2012-01-01,9999-12-31,true,1,0.1591,0.1892,0,1,0,long
71,SKU0071,Lifree,Lifree Popok Dewasa L8,Lifree Popok Dewasa L8,Popok perekat dewasa ukuran L.,8990010000714,PT Unicharm Indonesia,39,Baby,Popok Dewasa,Popok Perekat,Adult Care,Regular,pcs,8 pcs,1 pcs,Size L,bag,false,365,62000.00,52000.00,PPN 11%,true,false,BPOM RI NA 123456071,"Produk non pangan, gunakan sesuai petunjuk.",false,true,9999-12-31,2013-01-01,9999-12-31,true,1,0.1613,0.1923,0,1,0,long
72,SKU0072,Pepsodent,Pepsodent Pasta Gigi 190 g,Pepsodent Pasta Gigi 190 g,Pasta gigi keluarga dengan fluoride.,8990010000721,PT Unilever Indonesia Tbk,2,Personal Care,Perawatan Gigi,Pasta Gigi,Oral Care,Family,g,190 g,1 pcs,Original,tube,false,730,16000.00,12000.00,PPN 11%,true,false,BPOM RI NA 123456072,"Mengandung fluoride, tidak ditelan.",false,true,9999-12-31,2010-01-01,9999-12-31,true,1,0.2500,0.3333,0,1,0,long
73,SKU0073,Pepsodent,Pepsodent Siwak 150 g,Pepsodent Pasta Gigi Siwak 150 g,Pasta gigi dengan ekstrak siwak.,8990010000738,PT Unilever Indonesia Tbk,2,Personal Care,Perawatan Gigi,Pasta Gigi,Oral Care,Value,g,150 g,1 pcs,Siwak,tube,false,730,15000.00,11500.00,PPN 11%,true,false,BPOM RI NA 123456073,"Mengandung fluoride, tidak ditelan.",false,true,9999-12-31,2011-01-01,9999-12-31,true,1,0.2333,0.3043,0,1,0,long
74,SKU0074,Formula,Formula Sikat Gigi Medium,Formula Sikat Gigi Medium,Sikat gigi dengan bulu medium.,8990010000745,PT Ultra Prima Abadi,14,Personal Care,Perawatan Gigi,Sikat Gigi,Oral Care,Regular,pcs,1 pcs,1 pcs,Medium,blister,false,365,8000.00,6000.00,PPN 11%,true,false,BPOM RI NA 123456074,"Produk non pangan, gunakan sesuai petunjuk.",false,true,9999-12-31,2010-03-01,9999-12-31,true,1,0.2500,0.3333,0,1,0,long
75,SKU0075,Giv,Giv Sabun Mandi 80 g,Giv Beauty Soap 80 g,Sabun mandi batang dengan parfum bunga.,8990010000752,PT Wings Surya,4,Personal Care,Perawatan Tubuh,Sabun Batang,Body Care,Economy,g,80 g,1 pcs,Floral,wrapper,false,730,3500.00,2600.00,PPN 11%,true,false,BPOM RI NA 123456075,Untuk pemakaian luar.,false,true,9999-12-31,2010-01-01,9999-12-31,true,1,0.2571,0.3462,0,1,0,long
76,SKU0076,Lifebuoy,Lifebuoy Body Wash 450 ml,Lifebuoy Sabun Cair Total 10 450 ml,Sabun mandi cair antibakteri.,8990010000769,PT Unilever Indonesia Tbk,2,Personal Care,Perawatan Tubuh,Sabun Cair,Body Care,Family,ml,450 ml,1 pcs,Total 10,pouch,false,730,32000.00,25000.00,PPN 11%,true,false,BPOM RI NA 123456076,Untuk pemakaian luar.,false,true,9999-12-31,2010-02-01,9999-12-31,true,1,0.2188,0.2800,0,1,0,long
77,SKU0077,Lux,Lux Body Wash 450 ml,Lux Body Wash Soft Touch 450 ml,Sabun mandi cair wangi bunga.,8990010000776,PT Unilever Indonesia Tbk,2,Personal Care,Perawatan Tubuh,Sabun Cair,Body Care,Female,ml,450 ml,1 pcs,Soft Touch,pouch,false,730,33000.00,26000.00,PPN 11%,true,false,BPOM RI NA 123456077,Untuk pemakaian luar.,false,true,9999-12-31,2010-04-01,9999-12-31,true,1,0.2121,0.2692,0,1,0,long
78,SKU0078,Sunsilk,Sunsilk Black Shine 170 ml,Sunsilk Shampoo Black Shine 170 ml,Shampoo untuk rambut hitam.,8990010000783,PT Unilever Indonesia Tbk,2,Personal Care,Perawatan Rambut,Shampoo,Hair Care,Female,ml,170 ml,1 pcs,Black Shine,bottle,false,730,26000.00,21000.00,PPN 11%,true,false,BPOM RI NA 123456078,Untuk pemakaian luar.,false,true,9999-12-31,2010-03-01,9999-12-31,true,1,0.1923,0.2381,0,1,0,long
79,SKU0079,Clear,Clear Ice Cool 160 ml,Clear Shampoo Ice Cool Menthol 160 ml,Shampoo anti ketombe dengan menthol.,8990010000790,PT Unilever Indonesia Tbk,2,Personal Care,Perawatan Rambut,Shampoo,Hair Care,Unisex,ml,160 ml,1 pcs,Ice Cool Menthol,bottle,false,730,27000.00,22000.00,PPN 11%,true,false,BPOM RI NA 123456079,Untuk pemakaian luar.,false,true,9999-12-31,2010-03-01,9999-12-31,true,1,0.1852,0.2273,0,1,0,long
80,SKU0080,Pantene,Pantene Hair Fall 160 ml,Pantene Shampoo Hair Fall Control 160 ml,Shampoo untuk mengurangi rambut rontok.,8990010000806,PT Procter and Gamble Home Products Indonesia,35,Personal Care,Perawatan Rambut,Shampoo,Hair Care,Female,ml,160 ml,1 pcs,Hair Fall Control,bottle,false,730,28000.00,23000.00,PPN 11%,true,false,BPOM RI NA 123456080,Untuk pemakaian luar.,false,true,9999-12-31,2010-05-01,9999-12-31,true,1,0.1786,0.2174,0,1,0,long
81,SKU0081,Head and Shoulders,Head and Shoulders Cool 160 ml,Head and Shoulders Cool Menthol 160 ml,Shampoo anti ketombe menthol.,8990010000813,PT Procter and Gamble Home Products Indonesia,35,Personal Care,Perawatan Rambut,Shampoo,Hair Care,Unisex,ml,160 ml,1 pcs,Cool Menthol,bottle,false,730,29000.00,24000.00,PPN 11%,true,false,BPOM RI NA 123456081,Untuk pemakaian luar.,false,true,9999-12-31,2011-01-01,9999-12-31,true,1,0.1724,0.2083,0,1,0,long
82,SKU0082,Vaseline,Vaseline Healthy White 400 ml,Vaseline Healthy White Lotion 400 ml,Lotion tubuh dengan kandungan pencerah.,8990010000820,PT Unilever Indonesia Tbk,2,Personal Care,Perawatan Tubuh,Lotion,Body Care,Female,ml,400 ml,1 pcs,Healthy White,bottle,false,730,37000.00,30000.00,PPN 11%,true,false,BPOM RI NA 123456082,Untuk pemakaian luar.,false,true,9999-12-31,2011-01-01,9999-12-31,true,1,0.1892,0.2333,0,1,0,long
83,SKU0083,Nivea Men,Nivea Men Extra White 100 ml,Nivea Men Extra White 100 ml,Lotion wajah pria.,8990010000837,PT Beiersdorf Indonesia,31,Personal Care,Perawatan Wajah,Lotion Wajah,Face Care,Male,ml,100 ml,1 pcs,Extra White,tube,false,730,38000.00,31000.00,PPN 11%,true,false,BPOM RI NA 123456083,Untuk pemakaian luar.,false,true,9999-12-31,2012-01-01,9999-12-31,true,1,0.1842,0.2258,0,1,0,long
84,SKU0084,Rexona Men,Rexona Men Roll On 50 ml,Rexona Men Deodorant Roll On 50 ml,Deodoran roll on pria.,8990010000844,PT Unilever Indonesia Tbk,2,Personal Care,Deodoran,Roll On,Body Care,Male,ml,50 ml,1 pcs,Ice Cool,bottle,false,730,22000.00,18000.00,PPN 11%,true,false,BPOM RI NA 123456084,Untuk pemakaian luar.,false,true,9999-12-31,2011-02-01,9999-12-31,true,1,0.1818,0.2222,0,1,0,long
85,SKU0085,Wardah,Wardah Lightening Day Cream 30 g,Wardah Lightening Day Cream 30 g,Krim wajah siang dengan SPF ringan.,8990010000851,PT Paragon Technology and Innovation,31,Personal Care,Perawatan Wajah,Krim Wajah,Face Care,Female,g,30 g,1 pcs,Lightening,jar,false,730,32000.00,26000.00,PPN 11%,true,false,BPOM RI NA 123456085,Untuk pemakaian luar.,false,true,9999-12-31,2013-01-01,9999-12-31,true,1,0.1875,0.2308,0,1,0,long
86,SKU0086,SGM,SGM Eksplor 1 Plus 400 g,SGM Eksplor 1 Plus 400 g,Susu formula pertumbuhan anak usia 1 tahun ke atas.,8990010000868,PT Sarihusada Generasi Mahardhika,25,Beverage,Susu dan Olahan,Susu Pertumbuhan,Dairy,Kids Pack,g,400 g,1 pcs,Vanilla,box,true,365,63000.00,54000.00,PPN 11%,true,true,BPOM RI MD 123456086,Mengandung susu sapi dan kedelai.,true,true,9999-12-31,2010-05-01,9999-12-31,true,1,0.1429,0.1667,0,0,2,long
87,SKU0087,Nutrilon,Nutrilon Royal 3 400 g,Nutrilon Royal 3 400 g,Susu pertumbuhan anak usia 3 tahun ke atas.,8990010000875,PT Nutricia Indonesia Sejahtera,11,Beverage,Susu dan Olahan,Susu Pertumbuhan,Dairy,Premium,g,400 g,1 pcs,Vanilla,can,true,365,110000.00,95000.00,PPN 11%,true,true,BPOM RI MD 123456087,Mengandung susu sapi dan kedelai.,true,true,9999-12-31,2011-01-01,9999-12-31,true,1,0.1364,0.1579,1,0,2,long
88,SKU0088,Tolak Angin,Tolak Angin Cair 15 ml,Tolak Angin Cair 15 ml,Produk jamu untuk membantu masuk angin.,8990010000882,PT Sido Muncul Tbk,8,Health,Jamu dan Suplemen,Jamu Cair,Herbal,Single Pack,ml,15 ml,1 pcs,Original,sachet,false,730,6000.00,4800.00,PPN 11%,true,true,BPOM RI TR 123456088,"Mengandung bahan herbal, baca aturan pakai.",false,true,9999-12-31,2010-03-01,9999-12-31,true,1,0.2000,0.2500,0,1,2,long
89,SKU0089,Bodrex,Bodrex Tablet 4 s,Bodrex Obat Sakit Kepala 4 tablet,Obat sakit kepala bebas terbatas.,8990010000899,PT Tempo Scan Pacific Tbk,22,Health,OTC,Analgesik,Medicine,Blister,pcs,4 pcs,1 pcs,Original,blister,false,730,6000.00,4500.00,PPN 11%,true,false,BPOM RI DBL 123456089,"Mengandung parasetamol, baca aturan pakai.",false,true,9999-12-31,2010-04-01,9999-12-31,true,1,0.2500,0.3333,0,1,0,long
90,SKU0090,HIT,HIT Obat Nyamuk Spray 600 ml,HIT Obat Nyamuk Aerosol 600 ml,Obat nyamuk aerosol untuk ruangan.,8990010000905,PT Megasari Makmur,23,Home Care,Pengendali Serangga,Aerosol,Household Insecticide,Regular,ml,600 ml,1 pcs,Lemon,can,false,365,39000.00,32000.00,PPN 11%,true,false,BPOM RI NA 123456090,"Mengandung insektisida, gunakan di ruang berventilasi baik.",false,true,9999-12-31,2010-06-01,9999-12-31,true,1,0.1795,0.2188,0,1,0,long
91,SKU0091,Rinso,Rinso Det Molto 770 g,Rinso Detergent Bubuk Molto 770 g,Deterjen bubuk dengan pewangi Molto.,8990010000912,PT Unilever Indonesia Tbk,2,Home Care,Deterjen,Deterjen Bubuk,Laundry,Family,g,770 g,1 pcs,Molto,bag,false,365,31000.00,26000.00,PPN 11%,true,false,BPOM RI NA 123456091,"Produk non pangan, jauhkan dari anak kecil.",false,true,9999-12-31,2010-02-01,9999-12-31,true,1,0.1613,0.1923,0,1,0,long
92,SKU0092,Rinso,Rinso Cair 800 ml,Rinso Cair Pouch 800 ml,Deterjen cair untuk pakaian.,8990010000929,PT Unilever Indonesia Tbk,2,Home Care,Deterjen,Deterjen Cair,Laundry,Family,ml,800 ml,1 pcs,Liquid Detergent,pouch,false,365,29000.00,24000.00,PPN 11%,true,false,BPOM RI NA 123456092,"Produk non pangan, jauhkan dari anak kecil.",false,true,9999-12-31,2011-01-01,9999-12-31,true,1,0.1724,0.2083,0,1,0,long
93,SKU0093,Daia,Daia Deterjen 780 g,Daia Deterjen Bubuk 780 g,Deterjen bubuk aroma bunga.,8990010000936,PT Wings Surya,4,Home Care,Deterjen,Deterjen Bubuk,Laundry,Economy,g,780 g,1 pcs,Bunga,bag,false,365,23000.00,19000.00,PPN 11%,true,false,BPOM RI NA 123456093,"Produk non pangan, jauhkan dari anak kecil.",false,true,9999-12-31,2010-03-01,9999-12-31,true,1,0.1739,0.2105,0,1,0,long
94,SKU0094,So Klin,So Klin Softener 800 ml,So Klin Softener Pink 800 ml,Pelembut dan pewangi pakaian.,8990010000943,PT Wings Surya,4,Home Care,Pelembut Pakaian,Softener,Laundry,Economy,ml,800 ml,1 pcs,Pink Blossom,pouch,false,365,23000.00,18500.00,PPN 11%,true,false,BPOM RI NA 123456094,"Produk non pangan, jauhkan dari anak kecil.",false,true,9999-12-31,2010-03-01,9999-12-31,true,1,0.1957,0.2432,0,1,0,long
95,SKU0095,Sunlight,Sunlight Jeruk Nipis 210 ml,Sunlight Pencuci Piring Jeruk Nipis 210 ml,Cairan pencuci piring konsentrat.,8990010000950,PT Unilever Indonesia Tbk,2,Home Care,Pencuci Piring,Cairan Cuci Piring,Kitchen Care,Economy,ml,210 ml,1 pcs,Jeruk Nipis,bottle,false,365,7000.00,5500.00,PPN 11%,true,false,BPOM RI NA 123456095,"Produk non pangan, jauhkan dari anak kecil.",false,true,9999-12-31,2010-02-01,9999-12-31,true,1,0.2143,0.2727,0,1,0,long
96,SKU0096,Wipol,Wipol Karbol Lemon 780 ml,Wipol Pembersih Lantai Lemon 780 ml,Pembersih lantai dengan pine oil.,8990010000967,PT Unilever Indonesia Tbk,2,Home Care,Pembersih Lantai,Karbol,Household Cleaner,Family,ml,780 ml,1 pcs,Lemon,pouch,false,365,23000.00,18500.00,PPN 11%,true,false,BPOM RI NA 123456096,"Produk non pangan, gunakan pada lantai.",false,true,9999-12-31,2010-02-01,9999-12-31,true,1,0.1957,0.2432,0,1,0,long
97,SKU0097,Bayclin,Bayclin Pemutih 1 L,Bayclin Pemutih Pakaian 1 L,Pemutih pakaian dan desinfektan.,8990010000974,PT KAO Indonesia,36,Home Care,Pembersih Rumah,Pemutih,Household Cleaner,Regular,L,1 L,1 pcs,Original,bottle,false,365,19000.00,15000.00,PPN 11%,true,false,BPOM RI NA 123456097,"Produk korosif, gunakan sarung tangan.",false,true,9999-12-31,2010-04-01,9999-12-31,true,1,0.2105,0.2667,0,1,0,long
98,SKU0098,Super Pell,Super Pell Pembersih 800 ml,Super Pell Pembersih Lantai 800 ml,Pembersih lantai aroma segar.,8990010000981,PT KAO Indonesia,46,Home Care,Pembersih Lantai,Pembersih Cair,Household Cleaner,Regular,ml,800 ml,1 pcs,Fresh,pouch,false,365,23000.00,18500.00,PPN 11%,true,false,BPOM RI NA 123456098,"Produk non pangan, gunakan pada lantai.",false,true,9999-12-31,2010-05-01,9999-12-31,true,1,0.1957,0.2432,0,1,0,long
99,SKU0099,Mama Lime,Mama Lime 800 ml,Mama Lime Pencuci Piring 800 ml,Cairan pencuci piring penghilang lemak.,8990010000998,PT Wings Surya,4,Home Care,Pencuci Piring,Cairan Cuci Piring,Kitchen Care,Family,ml,800 ml,1 pcs,Lime,pouch,false,365,23000.00,18500.00,PPN 11%,true,false,BPOM RI NA 123456099,"Produk non pangan, jauhkan dari anak kecil.",false,true,9999-12-31,2010-04-01,9999-12-31,true,1,0.1957,0.2432,0,1,0,long
100,SKU0100,ABC,ABC Sardines 155 g,ABC Ikan Sardin Saus Tomat 155 g,Ikan sardin dalam saus tomat siap saji.,8990010001001,PT Heinz ABC Indonesia,30,Food,Makanan Kaleng,Ikan Kaleng,Canned Food,Regular,g,155 g,1 pcs,Saus Tomat,can,false,730,15000.00,12000.00,PPN 11%,true,true,BPOM RI MD 123456100,Mengandung ikan dan kedelai.,true,true,9999-12-31,2010-03-01,9999-12-31,true,1,0.2000,0.2500,0,0,2,long